state,state_code,year,study_location,origin,stayers,unattributed,german_location,net_inflow,net_inflow_incl_foreign,outflow,inflow,first_years_location,ever_treated,intro_year,treated,east,city_state,fee,rel,unattr_share,ni_per1k,ni_incl_per1k
Schleswig-Holstein,01,2003,6849.0,7353,3746,700,6149.0,-1204.0,-504.0,3607,2403.0,6849,0,,0,0,0,never treated,,10.220470141626516,-163.74269005847952,-68.54345165238678
Schleswig-Holstein,01,2004,6656.0,7105,3765,651,6005.0,-1100.0,-449.0,3340,2240.0,6656,0,,0,0,0,never treated,,9.780649038461538,-154.82054890921887,-63.19493314567206
Schleswig-Holstein,01,2005,6853.0,7204,3726,606,6247.0,-957.0,-351.0,3478,2521.0,6853,0,,0,0,0,never treated,,8.842842550707719,-132.84286507495835,-48.72293170460855
Schleswig-Holstein,01,2006,6733.0,7070,3609,568,6165.0,-905.0,-337.0,3461,2556.0,6733,0,,0,0,0,never treated,,8.436061191148077,-128.005657708628,-47.66619519094767
Schleswig-Holstein,01,2007,7386.0,7701,3893,533,6853.0,-848.0,-315.0,3808,2960.0,7386,0,,0,0,0,never treated,,7.216355266720823,-110.11556940657057,-40.90377873003506
Hamburg,02,2003,8824.0,5683,3882,1027,7797.0,2114.0,3141.0,1801,3915.0,8824,1,2007,0,0,1,fee state,-4.0,11.63871260199456,371.9866267816294,552.7010381840577
Hamburg,02,2004,8350.0,5036,3310,1312,7038.0,2002.0,3314.0,1726,3728.0,8350,1,2007,0,0,1,fee state,-3.0,15.7125748502994,397.53772835583794,658.0619539316918
Hamburg,02,2005,8416.0,4952,3033,1403,7013.0,2061.0,3464.0,1919,3980.0,8416,1,2007,0,0,1,fee state,-2.0,16.670627376425855,416.1954765751212,699.5153473344103
Hamburg,02,2006,8602.0,5551,3613,1108,7494.0,1943.0,3051.0,1938,3881.0,8602,1,2007,0,0,1,fee state,-1.0,12.880725412694723,350.0270221581697,549.6306971716808
Hamburg,02,2007,9874.0,6619,4362,1215,8659.0,2040.0,3255.0,2257,4297.0,9874,1,2007,1,0,1,fee state,0.0,12.305043548713794,308.2036561414111,491.76612781386916
Niedersachsen,03,2003,26063.0,25346,15150,3614,22449.0,-2897.0,717.0,10196,7299.0,26063,1,2006,0,0,0,fee state,-3.0,13.86640064459195,-114.29811410084432,28.28848733527973
Niedersachsen,03,2004,23235.0,23555,13233,3364,19871.0,-3684.0,-320.0,10322,6638.0,23235,1,2006,0,0,0,fee state,-2.0,14.478157951366473,-156.3999150923371,-13.585226066652515
Niedersachsen,03,2005,22250.0,23392,12619,3030,19220.0,-4172.0,-1142.0,10773,6601.0,22250,1,2006,0,0,0,fee state,-1.0,13.617977528089888,-178.3515731874145,-48.82010943912449
Niedersachsen,03,2006,21736.0,22544,12464,2744,18992.0,-3552.0,-808.0,10080,6528.0,21736,1,2006,1,0,0,fee state,0.0,12.624217887375782,-157.5585521646558,-35.84102200141945
Niedersachsen,03,2007,23859.0,24537,13519,2760,21099.0,-3438.0,-678.0,11018,7580.0,23859,1,2006,1,0,0,fee state,1.0,11.567961775430655,-140.11492847536374,-27.63173982149407
Bremen,04,2003,5503.0,2966,1804,926,4577.0,1611.0,2537.0,1162,2773.0,5503,0,,0,0,1,never treated,,16.827185171724516,543.1557653405259,855.3607552258935
Bremen,04,2004,5429.0,2575,1600,984,4445.0,1870.0,2854.0,975,2845.0,5429,0,,0,0,1,never treated,,18.124884877509672,726.2135922330098,1108.3495145631068
Bremen,04,2005,5129.0,2522,1567,861,4268.0,1746.0,2607.0,955,2701.0,5129,0,,0,0,1,never treated,,16.786898030805226,692.3076923076923,1033.7034099920697
Bremen,04,2006,4779.0,2531,1483,852,3927.0,1396.0,2248.0,1048,2444.0,4779,0,,0,0,1,never treated,,17.82799748901444,551.5606479652312,888.1864875543264
Bremen,04,2007,5377.0,2615,1613,935,4442.0,1827.0,2762.0,1002,2829.0,5377,0,,0,0,1,never treated,,17.388878556816067,698.6615678776291,1056.2141491395794
Nordrhein-Westfalen,05,2003,68009.0,60641,50212,8005,60004.0,-637.0,7368.0,10429,9792.0,68009,1,2006,0,0,0,fee state,-3.0,11.770500963107825,-10.50444418792566,121.50195412344783
Nordrhein-Westfalen,05,2004,65389.0,57409,47798,7382,58007.0,598.0,7980.0,9611,10209.0,65389,1,2006,0,0,0,fee state,-2.0,11.289360595818868,10.416485220087443,139.0025954118692
Nordrhein-Westfalen,05,2005,67786.0,59235,49650,7325,60461.0,1226.0,8551.0,9585,10811.0,67786,1,2006,0,0,0,fee state,-1.0,10.806066149352374,20.69722292563518,144.35722123744407
Nordrhein-Westfalen,05,2006,63346.0,56022,46143,7246,56100.0,78.0,7324.0,9879,9957.0,63346,1,2006,1,0,0,fee state,0.0,11.438764878603227,1.3923101638641961,130.73435436078682
Nordrhein-Westfalen,05,2007,66981.0,60518,49249,7414,59567.0,-951.0,6463.0,11269,10318.0,66981,1,2006,1,0,0,fee state,1.0,11.068810558218003,-15.714332925741102,106.79467265937407
Hessen,06,2003,25984.0,21982,15309,2817,23167.0,1185.0,4002.0,6673,7858.0,25984,1,2007,0,0,0,fee state,-4.0,10.841286945812808,53.90774269857156,182.0580474934037
Hessen,06,2004,24777.0,20804,14396,2693,22084.0,1280.0,3973.0,6408,7688.0,24777,1,2007,0,0,0,fee state,-3.0,10.868951043306293,61.52662949432801,190.97288982887906
Hessen,06,2005,25000.0,20245,14123,2562,22438.0,2193.0,4755.0,6122,8315.0,25000,1,2007,0,0,0,fee state,-2.0,10.248,108.32304272659916,234.8728081007656
Hessen,06,2006,23698.0,19814,13495,2446,21252.0,1438.0,3884.0,6319,7757.0,23698,1,2007,0,0,0,fee state,-1.0,10.321546122035615,72.57494700716666,196.0230140304835
Hessen,06,2007,24386.0,20443,13570,2558,21828.0,1385.0,3943.0,6873,8258.0,24386,1,2007,1,0,0,fee state,0.0,10.489625194783892,67.74935185638115,192.8777576676613
Rheinland-Pfalz,07,2003,12466.0,10228,5441,1754,10712.0,484.0,2238.0,4787,5271.0,12466,0,,0,0,0,never treated,,14.070271137493984,47.321079389910054,218.8111067657411
Rheinland-Pfalz,07,2004,12511.0,10057,5141,1749,10762.0,705.0,2454.0,4916,5621.0,12511,0,,0,0,0,never treated,,13.979697865878027,70.10042756289153,244.0091478572139
Rheinland-Pfalz,07,2005,12152.0,9949,5246,1594,10558.0,609.0,2203.0,4703,5312.0,12152,0,,0,0,0,never treated,,13.117182356813693,61.21218212885717,221.42928937581667
Rheinland-Pfalz,07,2006,12602.0,9995,5436,1655,10947.0,952.0,2607.0,4559,5511.0,12602,0,,0,0,0,never treated,,13.132836057768609,95.24762381190595,260.8304152076038
Rheinland-Pfalz,07,2007,13658.0,10969,6162,1644,12014.0,1045.0,2689.0,4807,5852.0,13658,0,,0,0,0,never treated,,12.03690144969981,95.26848390919865,245.14540979122984
Baden-Württemberg,08,2003,43453.0,35028,26901,8102,35351.0,323.0,8425.0,8127,8450.0,43453,1,2007,0,0,0,fee state,-4.0,18.645432996571007,9.221194472993034,240.52186821970994
Baden-Württemberg,08,2004,40588.0,33232,25206,7430,33158.0,-74.0,7356.0,8026,7952.0,40588,1,2007,0,0,0,fee state,-3.0,18.30590322262738,-2.226769378911892,221.35291285507944
Baden-Württemberg,08,2005,39979.0,33611,24919,7045,32934.0,-677.0,6368.0,8692,8015.0,39979,1,2007,0,0,0,fee state,-2.0,17.621751419495236,-20.142215346166434,189.46178334473834
Baden-Württemberg,08,2006,39254.0,33781,24559,6841,32413.0,-1368.0,5473.0,9222,7854.0,39254,1,2007,0,0,0,fee state,-1.0,17.427523309726396,-40.49613688167905,162.0141499659572
Baden-Württemberg,08,2007,39344.0,35271,24857,6399,32945.0,-2326.0,4073.0,10414,8088.0,39344,1,2007,1,0,0,fee state,0.0,16.264233428222855,-65.94652830937598,115.47730430098382
Bayern,09,2003,46446.0,38477,32432,5985,40461.0,1984.0,7969.0,6045,8029.0,46446,1,2007,0,0,0,fee state,-4.0,12.885932050122722,51.56327156483094,207.11074148192426
Bayern,09,2004,44712.0,36038,30426,5772,38940.0,2902.0,8674.0,5612,8514.0,44712,1,2007,0,0,0,fee state,-3.0,12.909286097691895,80.52611132693268,240.6903823741606
Bayern,09,2005,45809.0,36401,30835,5864,39945.0,3544.0,9408.0,5566,9110.0,45809,1,2007,0,0,0,fee state,-2.0,12.800977973760615,97.35996263838905,258.45443806488834
Bayern,09,2006,47375.0,36849,31343,5955,41420.0,4571.0,10526.0,5506,10077.0,47375,1,2007,0,0,0,fee state,-1.0,12.569920844327177,124.0467855301365,285.6522565062824
Bayern,09,2007,48615.0,38244,32270,5651,42964.0,4720.0,10371.0,5974,10694.0,48615,1,2007,1,0,0,fee state,0.0,11.623984366964928,123.4180525049681,271.1797929086916
Saarland,10,2003,3619.0,3659,2073,726,2893.0,-766.0,-40.0,1586,820.0,3619,1,2007,0,0,0,fee state,-4.0,20.060790273556233,-209.34681606996446,-10.931948619841487
Saarland,10,2004,3229.0,3504,1796,706,2523.0,-981.0,-275.0,1708,727.0,3229,1,2007,0,0,0,fee state,-3.0,21.86435428925364,-279.9657534246575,-78.48173515981735
Saarland,10,2005,3410.0,3669,1912,713,2697.0,-972.0,-259.0,1757,785.0,3410,1,2007,0,0,0,fee state,-2.0,20.90909090909091,-264.92232215862634,-70.59144180975743
Saarland,10,2006,3339.0,3625,1798,711,2628.0,-997.0,-286.0,1827,830.0,3339,1,2007,0,0,0,fee state,-1.0,21.29380053908356,-275.0344827586207,-78.89655172413794
Saarland,10,2007,3281.0,3733,1796,660,2621.0,-1112.0,-452.0,1937,825.0,3281,1,2007,1,0,0,fee state,0.0,20.115818348064614,-297.8837396196089,-121.08223948566837
Berlin,11,2003,16795.0,11525,7238,3798,12997.0,1472.0,5270.0,4287,5759.0,16795,0,,0,1,1,never treated,,22.613873176540636,127.72234273318873,457.26681127982647
Berlin,11,2004,15600.0,11079,6605,3921,11679.0,600.0,4521.0,4474,5074.0,15600,0,,0,1,1,never treated,,25.134615384615383,54.15651232060655,408.0693203357704
Berlin,11,2005,15840.0,10809,6311,4044,11796.0,987.0,5031.0,4498,5485.0,15840,0,,0,1,1,never treated,,25.53030303030303,91.3127948931446,465.4454621149043
Berlin,11,2006,16793.0,11097,6517,4284,12509.0,1412.0,5696.0,4580,5992.0,16793,0,,0,1,1,never treated,,25.51062942892872,127.24159682797152,513.2918806884744
Berlin,11,2007,18631.0,12486,7085,4750,13881.0,1395.0,6145.0,5401,6796.0,18631,0,,0,1,1,never treated,,25.495142504428102,111.72513214800577,492.15120935447703
Brandenburg,12,2003,7374.0,9100,3012,1272,6102.0,-2998.0,-1726.0,6088,3090.0,7374,0,,0,1,0,never treated,,17.249796582587468,-329.45054945054943,-189.67032967032966
Brandenburg,12,2004,7040.0,8747,2872,1173,5867.0,-2880.0,-1707.0,5875,2995.0,7040,0,,0,1,0,never treated,,16.661931818181817,-329.25574482679775,-195.1526237567166
Brandenburg,12,2005,6840.0,8606,2665,1282,5558.0,-3048.0,-1766.0,5941,2893.0,6840,0,,0,1,0,never treated,,18.742690058479532,-354.1715082500581,-205.20567046246805
Brandenburg,12,2006,6983.0,8237,2527,1215,5768.0,-2469.0,-1254.0,5710,3241.0,6983,0,,0,1,0,never treated,,17.399398539309754,-299.74505281048926,-152.23989316498725
Brandenburg,12,2007,8080.0,9027,2866,1222,6858.0,-2169.0,-947.0,6161,3992.0,8080,0,,0,1,0,never treated,,15.123762376237623,-240.27916251246262,-104.90749972305306
Mecklenburg-Vorpommern,13,2003,6457.0,6233,3557,694,5763.0,-470.0,224.0,2676,2206.0,6457,0,,0,1,0,never treated,,10.74802539879201,-75.40510187710572,35.937750681854645
Mecklenburg-Vorpommern,13,2004,6555.0,5856,3389,696,5859.0,3.0,699.0,2467,2470.0,6555,0,,0,1,0,never treated,,10.617848970251716,0.5122950819672131,119.36475409836065
Mecklenburg-Vorpommern,13,2005,5700.0,5651,2966,626,5074.0,-577.0,49.0,2685,2108.0,5700,0,,0,1,0,never treated,,10.982456140350877,-102.1058219784109,8.67103167580959
Mecklenburg-Vorpommern,13,2006,5945.0,5655,2951,647,5298.0,-357.0,290.0,2704,2347.0,5945,0,,0,1,0,never treated,,10.88309503784693,-63.12997347480106,51.282051282051285
Mecklenburg-Vorpommern,13,2007,6370.0,6002,3070,637,5733.0,-269.0,368.0,2932,2663.0,6370,0,,0,1,0,never treated,,10.0,-44.81839386871043,61.31289570143286
Sachsen,14,2003,20184.0,15889,11406,2421,17763.0,1874.0,4295.0,4483,6357.0,20184,0,,0,1,0,never treated,,11.994649227110582,117.94323116621563,270.31279501541945
Sachsen,14,2004,18853.0,15339,10586,2674,16179.0,840.0,3514.0,4753,5593.0,18853,0,,0,1,0,never treated,,14.183419084495837,54.76237042831997,229.08924962513854
Sachsen,14,2005,18316.0,14776,10066,2541,15775.0,999.0,3540.0,4710,5709.0,18316,0,,0,1,0,never treated,,13.873116400960908,67.60963724959393,239.57769355711966
Sachsen,14,2006,17343.0,14477,9424,2655,14688.0,211.0,2866.0,5053,5264.0,17343,0,,0,1,0,never treated,,15.308770108977685,14.574842854182496,197.96919251226083
Sachsen,14,2007,19687.0,15400,10326,2544,17143.0,1743.0,4287.0,5074,6817.0,19687,0,,0,1,0,never treated,,12.92223294559862,113.18181818181819,278.3766233766234
Sachsen-Anhalt,15,2003,9906.0,9196,5172,943,8963.0,-233.0,710.0,4024,3791.0,9906,0,,0,1,0,never treated,,9.519483141530385,-25.337103088299262,77.20748151370161
Sachsen-Anhalt,15,2004,9409.0,8968,4992,1000,8409.0,-559.0,441.0,3976,3417.0,9409,0,,0,1,0,never treated,,10.628122010840684,-62.332738626226586,49.174843889384476
Sachsen-Anhalt,15,2005,7806.0,8594,4346,791,7015.0,-1579.0,-788.0,4248,2669.0,7806,0,,0,1,0,never treated,,10.13323084806559,-183.73283686292763,-91.6918780544566
Sachsen-Anhalt,15,2006,7824.0,8129,4089,813,7011.0,-1118.0,-305.0,4040,2922.0,7824,0,,0,1,0,never treated,,10.391104294478527,-137.5322917948087,-37.51999015869111
Sachsen-Anhalt,15,2007,8757.0,10363,4864,755,8002.0,-2361.0,-1606.0,5499,3138.0,8757,0,,0,1,0,never treated,,8.621674089299988,-227.82977902151887,-154.9744282543665
Thüringen,16,2003,8724.0,9605,5122,961,7763.0,-1842.0,-881.0,4483,2641.0,8724,0,,0,1,0,never treated,,11.015589179275562,-191.7751171264966,-91.72306090577824
Thüringen,16,2004,8460.0,9151,4734,831,7629.0,-1522.0,-691.0,4417,2895.0,8460,0,,0,1,0,never treated,,9.822695035460994,-166.32062069719157,-75.51087312861982
Thüringen,16,2005,8553.0,9167,4640,769,7784.0,-1383.0,-614.0,4527,3144.0,8553,0,,0,1,0,never treated,,8.990997310885069,-150.8672411912294,-66.97938256790663
Thüringen,16,2006,8594.0,8905,4536,924,7670.0,-1235.0,-311.0,4369,3134.0,8594,0,,0,1,0,never treated,,10.751687223644403,-138.68613138686132,-34.92419988770354
Thüringen,16,2007,9254.0,8988,4635,947,8307.0,-681.0,266.0,4353,3672.0,9254,0,,0,1,0,never treated,,10.233412578344499,-75.76769025367156,29.595015576323988
